ID,Назва,Cost (закуп),Supplier Price (RRP),Rozetka Price (поточна),Base Before Round,Final Price (рекоменд.),Target Profit,Net Profit,Comm Used (%),Used RRP?,RRP Fallback?,Old Price Rec.
551257119,Офісний стіл з регулюванням висоти OfficePro ODM36...,3599.22,4499.0,4499,4939.0,4999,500.0,549.95,17.0,False,False,5998.8
551257116,Офісний стіл з регулюванням висоти OfficePro ODM32...,3039.18,3799.0,3799,4265.0,4299,500.0,528.99,17.0,False,False,5158.8
551257113,Комп’ютерний стіл з електрорегулюванням висоти Off...,8499.18,9999.0,9999,10795.0,10799,1000.0,1003.94,12.0,False,False,12958.8
551257098,Офісний стіл з регулюванням висоти OfficePro ODM36...,4799.22,4699.0,4699,6506.0,6599,600.0,677.95,17.0,False,False,7918.8
551257092,Комп’ютерний стіл GamePro GMD215,6799.2,8499.0,8499,8522.0,8599,700.0,767.92,12.0,False,True,10318.8
551257080,Комп’ютерний стіл GamePro GD012,3199.2,3999.0,3999,4457.0,4499,500.0,534.97,17.0,False,False,5398.8
551257077,Офісний стіл з регулюванням висоти OfficePro ODM32...,3039.18,3799.0,3799,4265.0,4299,500.0,528.99,17.0,False,False,5158.8
551257074,Комп’ютерний стіл з електрорегулюванням висоти And...,14399.22,17999.0,17999,17999.0,17999,1000.0,1439.9,12.0,True,False,22999.0
551257071,Офісний стіл з регулюванням висоти OfficePro ODM27...,2639.22,3299.0,3299,3816.0,3899,527.84,596.95,17.0,False,False,4678.8
551257068,Комп’ютерний стіл GamePro GDC216W,4799.22,5999.0,5999,6506.0,6599,600.0,677.95,17.0,False,False,7918.8
551257065,Комп’ютерний стіл з електрорегулюванням висоти And...,17599.2,21999.0,21999,21999.0,21999,1000.0,2859.87,7.0,True,False,25999.0
551257062,Комп’ютерний стіл з електрорегулюванням висоти Off...,7199.22,8999.0,8999,8999.0,8999,700.0,719.9,12.0,True,False,11999.0
551257059,Комп’ютерний стіл GamePro GD210B,2879.22,3599.0,3599,4163.0,4199,575.84,605.95,17.0,False,False,5038.8
551257050,Офісний стіл з регулюванням висоти OfficePro ODM27...,2639.22,3299.0,3299,3816.0,3899,527.84,596.95,17.0,False,False,4678.8
551257047,Комп’ютерний стіл GamePro GD112,3839.22,4799.0,4799,5228.0,5299,500.0,558.95,17.0,False,False,6358.8
551257044,Офісний стіл з регулюванням висоти OfficePro ODM40...,3999.18,4999.0,4999,6024.0,6099,1000.0,1062.99,17.0,False,False,7318.8
551257041,Офісний стіл з регулюванням висоти OfficePro ODM27...,2639.22,3299.0,3299,3816.0,3899,527.84,596.95,17.0,False,False,4678.8
551257038,Комп’ютерний стіл з електрорегулюванням висоти Off...,7199.22,8999.0,8999,8999.0,8999,700.0,719.9,12.0,True,False,12999.0
551257035,Комп’ютерний стіл GamePro GD212B,3199.2,3999.0,3999,4457.0,4499,500.0,534.97,17.0,False,False,5398.8
551257032,Комп’ютерний стіл з електрорегулюванням висоти Off...,7199.22,8999.0,8999,8999.0,8999,700.0,719.9,12.0,True,False,12999.0
551257029,Офісний стіл з регулюванням висоти OfficePro ODM46...,5359.2,6699.0,6699,7000.0,7099,600.0,887.92,12.0,False,True,8518.8
551257026,Комп’ютерний стіл GamePro GD014,3919.2,4899.0,4899,5325.0,5399,500.0,561.97,17.0,False,False,6478.8
551257023,Комп’ютерний стіл з електрорегулюванням висоти Off...,12799.2,15999.0,15999,15999.0,15999,1000.0,1279.92,12.0,True,True,19198.8
551257020,Комп’ютерний стіл з електрорегулюванням висоти Off...,11999.22,14999.0,14999,14999.0,14999,1000.0,1199.9,12.0,True,True,17998.8
551257017,Комп’ютерний стіл з електрорегулюванням висоти Off...,12799.2,15999.0,15999,15999.0,15999,1000.0,1279.92,12.0,True,True,19198.8
551257014,Комп’ютерний стіл з електрорегулюванням висоти Off...,11999.22,14999.0,14999,14999.0,14999,1000.0,1199.9,12.0,True,True,17998.8
551257011,Офісний стіл з регулюванням висоти OfficePro ODM32...,3039.18,3799.0,3799,4265.0,4299,500.0,528.99,17.0,False,False,5158.8
551257008,Офісний стіл з регулюванням висоти OfficePro ODM46...,5359.2,6699.0,6699,7000.0,7099,600.0,887.92,12.0,False,True,8518.8
551257005,Комп’ютерний стіл GamePro GDC216,4799.22,5999.0,5999,6506.0,6599,600.0,677.95,17.0,False,False,7918.8
551257002,Комп’ютерний стіл GamePro GD214 Black,5199.18,6499.0,6499,6987.0,6999,600.0,609.99,17.0,False,False,8398.8
551256999,Офісний стіл з регулюванням висоти OfficePro ODM38...,4239.18,5299.0,5299,5831.0,5899,600.0,656.99,17.0,False,False,7078.8
551256996,Комп’ютерний стіл з електрорегулюванням висоти Off...,11999.22,14999.0,14999,14999.0,14999,1000.0,1199.9,12.0,True,True,17998.8
551256990,Комп’ютерний стіл Anda Seat Wind Seeker Black,11199.18,13999.0,13999,13999.0,13999,1000.0,1119.94,12.0,True,False,16999.0
550052883,Крісло ігрове Anda Seat Novis L Fabric Black Size ...,7999.2,9999.0,9999,10227.0,10299,1000.0,1063.92,12.0,False,False,12358.8
550052880,Крісло ігрове Anda Seat Luna Color Size L Black/Or...,9599.22,11999.0,11999,12045.0,12099,1000.0,1047.9,12.0,False,False,14518.8
550052877,Крісло ігрове Anda Seat Kaiser 4 Grey Fabric Size ...,18399.18,22999.0,22999,22999.0,22999,1000.0,2989.89,7.0,True,False,27999.0
550052874,Крісло ігрове Anda Seat Kaiser 4 Black PVC Size XL,19199.22,23999.0,23999,23999.0,23999,1000.0,3119.85,7.0,True,False,28999.0
550052871,Крісло ігрове Anda Seat Phantom 3 Pro Black Fabric...,13599.18,16999.0,16999,16999.0,16999,1000.0,1359.94,12.0,True,False,18999.0
550052868,Крісло ігрове Anda Seat Kaiser Frontier XL Dark Gr...,13599.18,16999.0,16999,16999.0,16999,1000.0,1359.94,12.0,True,False,19999.0
550052865,Крісло ігрове Anda Seat Novis XL Fabric Black Size...,8799.18,10999.0,10999,11136.0,11199,1000.0,1055.94,12.0,False,False,13438.8
550052862,Крісло ігрове Anda Seat Phantom 3 Dark Grey Fabric...,11199.18,13999.0,13999,13999.0,13999,1000.0,1119.94,12.0,True,False,15999.0
550052859,Крісло ігрове Anda Seat Kaiser 3 White Size L,15999.18,19999.0,19999,19999.0,19999,1000.0,1599.94,12.0,True,False,24999.0
550052856,Крісло ігрове Anda Seat Kaiser 3 Orange Size L,15999.18,19999.0,19999,19999.0,19999,1000.0,1599.94,12.0,True,False,24999.0
550052853,Крісло ігрове Anda Seat Luna Black/Blue Size L,9599.22,11999.0,11999,12045.0,12099,1000.0,1047.9,12.0,False,False,14518.8
550052850,Крісло ігрове Anda Seat Kaiser 4 Dark gray Fabric ...,18399.18,22999.0,22999,22999.0,22999,1000.0,2989.89,7.0,True,False,27999.0
550052847,Крісло ігрове Anda Seat Phantom 3 Black/Black Size...,11199.18,13999.0,13999,13999.0,13999,1000.0,1119.94,12.0,True,False,15999.0
550052844,Крісло ігрове Anda Seat Luna Black/Red Size L,9599.22,11999.0,11999,12045.0,12099,1000.0,1047.9,12.0,False,False,14518.8
550052841,Крісло ігрове Anda Seat Kaiser 3 Pink Size L,15999.18,19999.0,19999,19999.0,19999,1000.0,1599.94,12.0,True,False,24999.0
550052838,Крісло ігрове Anda Seat Kaiser 3 Black Size L,15999.18,19999.0,19999,19999.0,19999,1000.0,1599.94,12.0,True,False,24999.0
550052835,Крісло ігрове Anda Seat Kaiser 3 Green Size L,15999.18,19999.0,19999,19999.0,19999,1000.0,1599.94,12.0,True,False,24999.0
550052832,Крісло ігрове Anda Seat Phantom 3 Black Fabric Siz...,11199.18,13999.0,13999,13999.0,13999,1000.0,1119.94,12.0,True,False,15999.0
550052829,Крісло ігрове Anda Seat Phantom 3 Pro Grey Fabric ...,13599.18,16999.0,16999,16999.0,16999,1000.0,1359.94,12.0,True,False,18999.0
550052826,Крісло геймерське Anda Seat Kaiser Frontier XL Gre...,13599.18,16999.0,16999,16999.0,16999,1000.0,1359.94,12.0,True,False,19999.0
550052823,Крісло ігрове Anda Seat Phantom 3 Black/Gold Size ...,11199.18,13999.0,13999,13999.0,13999,1000.0,1119.94,12.0,True,False,15999.0
550052820,Крісло ігрове Anda Seat Luna Pro Gray Fabric Size ...,10399.2,12999.0,12999,12999.0,12999,1000.0,1039.92,12.0,True,False,14999.0
550052817,Крісло ігрове Anda Seat Luna Color Size L Black/Re...,9599.22,11999.0,11999,12045.0,12099,1000.0,1047.9,12.0,False,False,14518.8
550052814,Крісло ігрове Anda Seat Novis L Fabric Dark Gray S...,7999.2,9999.0,9999,10227.0,10299,1000.0,1063.92,12.0,False,False,12358.8
550052811,Крісло ігрове Anda Seat Kaiser 4 Maroon Size XL,19199.22,23999.0,23999,23999.0,23999,1000.0,3119.85,7.0,True,False,28999.0
550052808,Крісло ігрове Anda Seat Phantom 3 XL Fabric Dark G...,14399.22,17999.0,17999,17999.0,17999,1000.0,1439.9,12.0,True,False,20999.0
550052805,Крісло ігрове Anda Seat Luna Dark Grey fabric Size...,9599.22,11999.0,11999,12045.0,12099,1000.0,1047.9,12.0,False,False,14518.8
550052802,Крісло ігрове Anda Seat Kaiser 4 Orange Size L,18399.18,22999.0,22999,22999.0,22999,1000.0,2989.89,7.0,True,False,27999.0
550052799,Крісло ігрове Anda Seat Phantom 3 White Size L,11199.18,13999.0,13999,13999.0,13999,1000.0,1119.94,12.0,True,False,15999.0
550052796,Крісло ігрове Anda Seat Phantom Tiger Edition Blac...,11199.18,13999.0,13999,13999.0,13999,1000.0,1119.94,12.0,True,False,15999.0
550052793,Крісло ігрове Anda Seat Phantom 3 XL Fabric Gray S...,14399.22,17999.0,17999,17999.0,17999,1000.0,1439.9,12.0,True,False,20999.0
550052790,Крісло ігрове Anda Seat Kaiser 4 Maroon Size L,18399.18,22999.0,22999,22999.0,22999,1000.0,2989.89,7.0,True,False,27999.0
550052787,Крісло ігрове Anda Seat Kaiser 4 White Size L,18399.18,22999.0,22999,22999.0,22999,1000.0,2989.89,7.0,True,False,27999.0
550052784,Крісло ігрове Anda Seat Kaiser 2 White Size XL,15199.2,18999.0,18999,18999.0,18999,1000.0,1519.92,12.0,True,False,20999.0
550052781,Крісло ігрове Anda Seat Luna L Grey Fabric Size L,9599.22,11999.0,11999,12045.0,12099,1000.0,1047.9,12.0,False,False,14518.8
550052778,Крісло ігрове Anda Seat Kaiser 3 Orange Size XL,17599.2,21999.0,21999,21999.0,21999,1000.0,2859.87,7.0,True,False,25999.0
550052775,Крісло ігрове Anda Seat Kaiser 3 Grey Fabric Size ...,15999.18,19999.0,19999,19999.0,19999,1000.0,1599.94,12.0,True,False,24999.0
550052772,Крісло ігрове Anda Seat Kaiser 3 Brown Size L,15999.18,19999.0,19999,19999.0,19999,1000.0,1599.94,12.0,True,False,24999.0
550052769,Крісло ігрове Anda Seat Kaiser 3 Pink Size XL,17599.2,21999.0,21999,21999.0,21999,1000.0,2859.87,7.0,True,False,25999.0
550052766,Крісло ігрове Anda Seat Kaiser 2 Black Size XL,15199.2,18999.0,18999,18999.0,18999,1000.0,1519.92,12.0,True,False,20999.0
550052763,Крісло ігрове Anda Seat Kaiser 3 Maroon Size XL,17599.2,21999.0,21999,21999.0,21999,1000.0,2859.87,7.0,True,False,25999.0
550052760,Крісло ігрове Anda Seat Kaiser 3 Green Size XL,17599.2,21999.0,21999,21999.0,21999,1000.0,2859.87,7.0,True,False,25999.0
550052757,Крісло ігрове Anda Seat Kaiser 2 XL Brown,15199.2,18999.0,18999,18999.0,18999,1000.0,1519.92,12.0,True,False,20999.0
550052754,Крісло ігрове Anda Seat Phantom 3 XL Fabric Black ...,14399.22,17999.0,17999,17999.0,17999,1000.0,1439.9,12.0,True,False,20999.0
550052751,Крісло ігрове Anda Seat Kaiser 4 Black PVC Size L,18399.18,22999.0,22999,22999.0,22999,1000.0,2989.89,7.0,True,False,27999.0
550052748,Крісло ігрове Anda Seat Kaiser 4 Violet Size L,18399.18,22999.0,22999,22999.0,22999,1000.0,2989.89,7.0,True,False,27999.0
550052745,Крісло ігрове Anda Seat Luna Color Size L Black/Bl...,9599.22,11999.0,11999,12045.0,12099,1000.0,1047.9,12.0,False,False,14518.8
550052742,Крісло ігрове Anda Seat Kaiser 2 Black/Maroon Size...,15199.2,18999.0,18999,18999.0,18999,1000.0,1519.92,12.0,True,False,20999.0
550052739,Крісло ігрове Anda Seat T-Pro 2 Black Size XL,14399.22,17999.0,17999,17999.0,17999,1000.0,1439.9,12.0,True,False,21999.0
550052736,Крісло ігрове Anda Seat Kaiser Frontier Fabric Bla...,13599.18,16999.0,16999,16999.0,16999,1000.0,1359.94,12.0,True,False,19999.0
550052733,Крісло ігрове Anda Seat Kaiser 3 Black Fabric Size...,17599.2,21999.0,21999,21999.0,21999,1000.0,2859.87,7.0,True,False,25999.0
550052730,Крісло ігрове Anda Seat Novis Gray Fabric Size L,7999.2,9999.0,9999,10227.0,10299,1000.0,1063.92,12.0,False,False,12358.8
550052727,Крісло ігрове Anda Seat Phantom Tiger Edition Oran...,11199.18,13999.0,13999,13999.0,13999,1000.0,1119.94,12.0,True,False,15999.0
550052721,Крісло ігрове Anda Seat Kaiser 3 Grey Fabric Size ...,17599.2,21999.0,21999,21999.0,21999,1000.0,2859.87,7.0,True,False,25999.0
550052718,Крісло ігрове Anda Seat Kaiser 4 Brown Size L,18399.18,22999.0,22999,22999.0,22999,1000.0,2989.89,7.0,True,False,27999.0
550052715,Крісло ігрове Anda Seat Luna Pro Black Fabric Size...,10399.2,12999.0,12999,12999.0,12999,1000.0,1039.92,12.0,True,False,14999.0
550052712,Крісло ігрове Anda Seat Kaiser 3 Black Fabric Size...,15999.18,19999.0,19999,19999.0,19999,1000.0,1599.94,12.0,True,False,24999.0
550052709,Крісло ігрове Anda Seat T-Pro 2 Blue/Black Size XL,14399.22,17999.0,17999,17999.0,17999,1000.0,1439.9,12.0,True,False,21999.0
550052706,Крісло ігрове Anda Seat Kaiser 4 V2 Size XL Black ...,19999.2,24999.0,24999,24999.0,24999,1000.0,3249.87,7.0,True,False,29999.0
550052703,Крісло ігрове Anda Seat Kaiser 4 Green Size L,18399.18,22999.0,22999,22999.0,22999,1000.0,2989.89,7.0,True,False,27999.0
550052700,Крісло ігрове Anda Seat Kaiser 3 Brown Size XL,17599.2,21999.0,21999,21999.0,21999,1000.0,2859.87,7.0,True,False,25999.0
550052697,Крісло ігрове Anda Seat Luna Black Fabric Size L,9599.22,11999.0,11999,12045.0,12099,1000.0,1047.9,12.0,False,False,14518.8
550052694,Крісло ігрове Anda Seat T-Pro 2 Grey/Black Size XL,14399.22,17999.0,17999,17999.0,17999,1000.0,1439.9,12.0,True,False,21999.0
550052691,Крісло ігрове Anda Seat Kaiser 4 Black Fabric Size...,18399.18,22999.0,22999,22999.0,22999,1000.0,2989.89,7.0,True,False,27999.0
550052688,Крісло ігрове Anda Seat Kaiser 3 Black Size XL,17599.2,21999.0,21999,21999.0,21999,1000.0,2859.87,7.0,True,False,25999.0
550052685,Крісло ігрове Anda Seat Luna Black Size L,9599.22,11999.0,11999,12045.0,12099,1000.0,1047.9,12.0,False,False,14518.8
550052682,Крісло ігрове Anda Seat Kaiser 3 Maroon Size L,15999.18,19999.0,19999,19999.0,19999,1000.0,1599.94,12.0,True,False,24999.0
550052679,Крісло ігрове Anda Seat Kaiser 4 Pink Size L,18399.18,22999.0,22999,22999.0,22999,1000.0,2989.89,7.0,True,False,27999.0
550052676,Крісло ігрове Anda Seat Phantom 3 Pro Fabric Dark ...,13599.18,16999.0,16999,16999.0,16999,1000.0,1359.94,12.0,True,False,18999.0
550052673,Крісло ігрове Anda Seat Kaiser 4 Brown Size XL,19199.22,23999.0,23999,23999.0,23999,1000.0,3119.85,7.0,True,False,28999.0
550052670,Крісло ігрове Anda Seat X-Air Pro Size XL Mesh Gra...,15999.18,19999.0,19999,19999.0,19999,1000.0,1599.94,12.0,True,False,21999.0
550052667,Крісло ігрове Anda Seat Luna Pro Dark Gray Fabric ...,10399.2,12999.0,12999,12999.0,12999,1000.0,1039.92,12.0,True,False,14999.0
550052664,Крісло ігрове Anda Seat Kaiser 4 Violet Size XL,19199.22,23999.0,23999,23999.0,23999,1000.0,3119.85,7.0,True,False,28999.0
550052661,Крісло ігрове Anda Seat Phantom 3 Pink Size L,11199.18,13999.0,13999,13999.0,13999,1000.0,1119.94,12.0,True,False,15999.0
550052658,Крісло ігрове Anda Seat Kaiser 4 V2 Size XL Dark G...,19999.2,24999.0,24999,24999.0,24999,1000.0,3249.87,7.0,True,False,29999.0
550052655,Крісло ігрове Anda Seat Kaiser 3 Pro Fabric Gray S...,16799.22,20999.0,20999,20999.0,20999,1000.0,2729.85,7.0,True,False,25999.0
550052652,Крісло ігрове Anda Seat Kaiser 3 White Size XL,17599.2,21999.0,21999,21999.0,21999,1000.0,2859.87,7.0,True,False,25999.0
550052649,Крісло ігрове Anda Seat Kaiser 3E Maroon PVC Size ...,13599.18,16999.0,16999,16999.0,16999,1000.0,1359.94,12.0,True,False,19999.0
550052646,Крісло ігрове Anda Seat Kaiser 4 Grey Fabric Size ...,19199.22,23999.0,23999,23999.0,23999,1000.0,3119.85,7.0,True,False,28999.0
550052643,Крісло ігрове Anda Seat X-Air Pro Size XL Mesh Spa...,15999.18,19999.0,19999,19999.0,19999,1000.0,1599.94,12.0,True,False,21999.0
550052640,Крісло ігрове Anda Seat Kaiser 4 Cyber Green PVC S...,19199.22,23999.0,23999,23999.0,23999,1000.0,3119.85,7.0,True,False,29999.0
550052637,Крісло ігрове Anda Seat Kaiser 3E Black PVC Size X...,13599.18,16999.0,16999,16999.0,16999,1000.0,1359.94,12.0,True,False,19999.0
550052634,Крісло ігрове Anda Seat X-Air Mega Size XL Mesh Gr...,13999.2,17499.0,17499,17499.0,17499,1000.0,1399.92,12.0,True,False,18999.0
550052631,Крісло ігрове Anda Seat Kaiser 3E XL Dark Blue Fab...,13599.18,16999.0,16999,16999.0,16999,1000.0,1359.94,12.0,True,False,19999.0
550052628,Крісло ігрове Anda Seat Kaiser 3 Pro Fabric Black ...,16799.22,20999.0,20999,20999.0,20999,1000.0,2729.85,7.0,True,False,25999.0
550052625,Крісло ігрове Anda Seat X-Air Pro Size XL Mesh Gra...,15999.18,19999.0,19999,19999.0,19999,1000.0,1599.94,12.0,True,False,21999.0
550052622,Крісло ігрове Anda Seat Kaiser 4 Green Size XL,19199.22,23999.0,23999,23999.0,23999,1000.0,3119.85,7.0,True,False,28999.0
550052619,Крісло ігрове Anda Seat Kaiser 4 Black Fabric Size...,19199.22,23999.0,23999,23999.0,23999,1000.0,3119.85,7.0,True,False,28999.0
550052616,Крісло ігрове Anda Seat Novis XL Fabric Dark Gray ...,8799.18,10999.0,10999,11136.0,11199,1000.0,1055.94,12.0,False,False,13438.8
550052613,Крісло ігрове Anda Seat Kaiser 4 Dark Grey Fabric ...,19199.22,23999.0,23999,23999.0,23999,1000.0,3119.85,7.0,True,False,28999.0
550052610,Крісло ігрове Anda Seat Novis Gray Fabric Size XL,8799.18,10999.0,10999,11136.0,11199,1000.0,1055.94,12.0,False,False,13438.8
550052607,Крісло ігрове Anda Seat Kaiser 3 Dark Gray Fabric ...,15999.18,19999.0,19999,19999.0,19999,1000.0,1599.94,12.0,True,False,24999.0
550052604,Крісло ігрове Anda Seat Kaiser 4 White Size XL,19199.22,23999.0,23999,23999.0,23999,1000.0,3119.85,7.0,True,False,28999.0
550052601,Крісло ігрове Anda Seat Kaiser 4 Orange Size XL,19199.22,23999.0,23999,23999.0,23999,1000.0,3119.85,7.0,True,False,28999.0
550052598,Крісло ігрове Anda Seat Kaiser 3 Pro XL Fabric Dar...,16799.22,20999.0,20999,20999.0,20999,1000.0,2729.85,7.0,True,False,25999.0
550052595,Крісло ігрове Anda Seat Kaiser 2 Pro Grey Fabric S...,14399.22,17999.0,17999,17999.0,17999,1000.0,1439.9,12.0,True,False,22999.0
550052592,Крісло ігрове Anda Seat X-Air Mega Size XL Mesh Gr...,13999.2,17499.0,17499,17499.0,17499,1000.0,1399.92,12.0,True,False,18999.0
550052589,Крісло ігрове Anda Seat Kaiser 4 V2 Size XL Gray F...,19999.2,24999.0,24999,24999.0,24999,1000.0,3249.87,7.0,True,False,29999.0
550052586,Крісло ігрове Anda Seat Kaiser 4 Pink Size XL,19199.22,23999.0,23999,23999.0,23999,1000.0,3119.85,7.0,True,False,28999.0
550052583,Крісло ігрове Anda Seat Kaiser 3E Dark Grey Fabric...,13599.18,16999.0,16999,16999.0,16999,1000.0,1359.94,12.0,True,False,19999.0
550052580,Крісло ігрове Anda Seat Kaiser 4 V2 Size XL Black ...,19999.2,24999.0,24999,24999.0,24999,1000.0,3249.87,7.0,True,False,29999.0
550052577,Крісло ігрове Anda Seat Kaiser 3E Grey Fabric Size...,13599.18,16999.0,16999,16999.0,16999,1000.0,1359.94,12.0,True,False,19999.0
550052574,Крісло ігрове Anda Seat X-Air Mega Size XL Mesh Sp...,13999.2,17499.0,17499,17499.0,17499,1000.0,1399.92,12.0,True,False,18999.0
550052571,Крісло ігрове Anda Seat Phantom 3 Grey Size L,11199.18,13999.0,13999,13999.0,13999,1000.0,1119.94,12.0,True,False,15999.0
550052568,Крісло ігрове Anda Seat Kaiser 3 Dark Gray Fabric ...,17599.2,21999.0,21999,21999.0,21999,1000.0,2859.87,7.0,True,False,25999.0
550052565,Крісло ігрове GamePro FGC750B Fabric Black,7999.2,9999.0,9999,10227.0,10299,1000.0,1063.92,12.0,False,False,12358.8
550052562,Стілець із регулюванням висоти OfficePro S360,2399.22,2999.0,2999,3469.0,3499,479.84,504.95,17.0,False,False,4198.8
550052559,Крісло офісне OfficePro Harmony OC310-W-LG-LG,4399.2,5499.0,5499,6024.0,6099,600.0,662.97,17.0,False,False,7318.8
550052556,Крісло офісне OfficePro OC680B Black,8799.18,10999.0,10999,11136.0,11199,1000.0,1055.94,12.0,False,False,13438.8
550052553,Крісло офісне OfficePro Elegant OC600-B-DG-DG,5999.22,7499.0,7499,7954.0,7999,1000.0,1039.9,12.0,False,False,9598.8
550052550,Крісло офісне Officepro Atlas OC630G-DG-DG,7199.22,8999.0,8999,8999.0,8999,700.0,719.9,12.0,True,False,10999.0
550052547,Крісло офісне OfficePro Wave OC599-G-G-G,5599.2,6999.0,6999,7045.0,7099,600.0,647.92,12.0,False,False,8518.8
550052544,Крісло офісне OfficePro Skyline OC680-B-G-G,8799.18,10999.0,10999,11136.0,11199,1000.0,1055.94,12.0,False,False,13438.8
550052541,Крісло ігрове GamePro GC900DG Fabric Dark Grey,10399.2,12999.0,12999,12999.0,12999,1000.0,1039.92,12.0,True,False,16999.0
550052538,Ігрове крісло кокпіт GamePro RS021,2879.22,3599.0,3599,4163.0,4199,575.84,605.95,17.0,False,False,5038.8
550052535,Крісло офісне OfficePro Balance OC550-W-DG-DG,6399.18,7999.0,7999,8068.0,8099,700.0,727.94,12.0,False,False,9718.8
550052532,Крісло офісне OfficePro Elegant OC660-B-DG-DG,6399.18,7999.0,7999,8068.0,8099,700.0,727.94,12.0,False,False,9718.8
550052529,Крісло офісне OfficePro Balance OC550-W-DG-BL,6399.18,7999.0,7999,8068.0,8099,700.0,727.94,12.0,False,False,9718.8
550052526,Крісло офісне OfficePro OC950B Black,10399.2,12999.0,12999,12999.0,12999,1000.0,1039.92,12.0,True,False,17999.0
550052523,Крісло ігрове GamePro GC775G Fabric Gray,8799.18,10999.0,10999,11136.0,11199,1000.0,1055.94,12.0,False,False,13438.8
550052520,Крісло ігрове GamePro GC775DG Fabric Dark Gray,8799.18,10999.0,10999,11136.0,11199,1000.0,1055.94,12.0,False,False,13438.8
550052517,Крісло GamePro GC715LG,7999.2,9999.0,9999,10227.0,10299,1000.0,1063.92,12.0,False,False,12358.8
550052514,Крісло офісне OfficePro OC950G Grey,10399.2,12999.0,12999,12999.0,12999,1000.0,1039.92,12.0,True,False,17999.0
550052511,Крісло ігрове GamePro GCM140B Black GCM140B,12799.2,15999.0,15999,15999.0,15999,1000.0,1279.92,12.0,True,False,21999.0
550052508,Крісло офісне OfficePro Balance OC550-B-B-B,6399.18,7999.0,7999,8068.0,8099,700.0,727.94,12.0,False,False,9718.8
550052505,Крісло офісне OfficePro Harmony OC310-B-BL-BL,3999.18,4999.0,4999,6024.0,6099,1000.0,1062.99,17.0,False,False,7318.8
550052502,Крісло ігрове GamePro GC760LG Fabric Light Gray,7999.2,9999.0,9999,10227.0,10299,1000.0,1063.92,12.0,False,False,12358.8
550052499,Крісло офісне OfficePro Elegant OC660-W-DG-DG,6399.18,7999.0,7999,8068.0,8099,700.0,727.94,12.0,False,False,9718.8
550052496,Крісло офісне OfficePro Skyline OC580-B-B-B,7999.2,9999.0,9999,10227.0,10299,1000.0,1063.92,12.0,False,False,12358.8
550052493,Крісло офісне OfficePro Elegant OC660-B-B-B,6399.18,7999.0,7999,8068.0,8099,700.0,727.94,12.0,False,False,9718.8
550052490,Крісло офісне OfficePro Balance OC620-B-B-B,6799.2,8499.0,8499,8522.0,8599,700.0,767.92,12.0,False,False,10318.8
550052487,Крісло ігрове GamePro FGC750DB Fabric Dark Blue,7999.2,9999.0,9999,10227.0,10299,1000.0,1063.92,12.0,False,False,12358.8
550052484,Крісло офісне Sihoo DORO S300 Mesh Dark Grey,28799.22,35999.0,35999,35999.0,35999,1000.0,5399.83,5.0,True,False,43999.0
550052481,Крісло офісне OfficePro Harmony OC310-G-G-G,3999.18,4999.0,4999,6024.0,6099,1000.0,1062.99,17.0,False,False,7318.8
550052478,Стілець із регулюванням висоти OfficePro S448,2799.18,3499.0,3499,4048.0,4099,559.84,602.99,17.0,False,False,4918.8
550052475,Крісло ігрове GamePro GC900B Fabric Black,10399.2,12999.0,12999,12999.0,12999,1000.0,1039.92,12.0,True,False,16999.0
550052472,Крісло офісне OfficePro Balance OC620-W-LG-LG,6799.2,8499.0,8499,8522.0,8599,700.0,767.92,12.0,False,False,10318.8
550052469,Крісло офісне OfficePro Skyline OC680-W-LG-LG,8799.18,10999.0,10999,11136.0,11199,1000.0,1055.94,12.0,False,False,13438.8
550052466,Крісло офісне Sihoo DORO C300 Pro Mesh Black,20799.18,25999.0,25999,25999.0,25999,1000.0,3379.89,7.0,True,False,29999.0
550052463,Крісло офісне Sihoo DORO S100 Mesh Black,13599.18,16999.0,16999,16999.0,16999,1000.0,1359.94,12.0,True,False,21999.0
550052460,Крісло GamePro Hero RGB (GC-700-Black),5949.18,6999.0,6999,7443.0,7499,600.0,649.94,12.0,False,False,8998.8
550052457,Стілець із регулюванням висоти OfficePro S345,2399.22,2999.0,2999,3469.0,3499,479.84,504.95,17.0,False,False,4198.8
550052454,Крісло ігрове GamePro FGC750DG Fabric Dark Gray,7999.2,9999.0,9999,10227.0,10299,1000.0,1063.92,12.0,False,False,12358.8
550052451,Крісло офісне OfficePro Wave OC670-G-G-G,6399.18,7999.0,7999,8068.0,8099,700.0,727.94,12.0,False,False,9718.8
550052448,Крісло офісне Officepro Atlas OC630-W-LG-LG,7199.22,8999.0,8999,8999.0,8999,700.0,719.9,12.0,True,False,10999.0
550052445,Крісло офісне OfficePro ElegantOC600-G-DG-DG,5999.22,7499.0,7499,7954.0,7999,1000.0,1039.9,12.0,False,False,9598.8
550052442,Крісло офісне Officepro Atlas OC630-B-DG-DG,7199.22,8999.0,8999,8999.0,8999,700.0,719.9,12.0,True,False,10999.0
550052439,Крісло офісне Sihoo DORO C300L Mesh White,15999.18,19999.0,19999,19999.0,19999,1000.0,1599.94,12.0,True,False,22999.0
550052436,Крісло ігрове GamePro GC900DB Fabric Dark Blue,10399.2,12999.0,12999,12999.0,12999,1000.0,1039.92,12.0,True,False,16999.0
550052433,Крісло офісне OfficePro Balance OC620-G-DG-DG,6799.2,8499.0,8499,8522.0,8599,700.0,767.92,12.0,False,False,10318.8
550052430,Крісло ігрове GamePro FGC750G Fabric Beige,7999.2,9999.0,9999,10227.0,10299,1000.0,1063.92,12.0,False,False,12358.8
550052427,Крісло геймерське Sihoo Xallking X5C Mesh Grey,13599.18,16999.0,16999,16999.0,16999,1000.0,1359.94,12.0,True,False,21999.0
550052424,Крісло GamePro GC715DG,7999.2,9999.0,9999,10227.0,10299,1000.0,1063.92,12.0,False,False,12358.8
550052421,Крісло ігрове GamePro GC925B Fabric Black,10399.2,12999.0,12999,12999.0,12999,1000.0,1039.92,12.0,True,False,14999.0
550052418,Крісло офісне OfficePro Elegant OC660-G-DG-DG,6399.18,7999.0,7999,8068.0,8099,700.0,727.94,12.0,False,False,9718.8
550052415,Ігрове крісло кокпіт GamePro RS400B,5599.2,6999.0,6999,7045.0,7099,600.0,647.92,12.0,False,False,8518.8
550052412,Крісло офісне OfficePro Harmony OC310-B-G-G,4399.2,5499.0,5499,6024.0,6099,600.0,662.97,17.0,False,False,7318.8
550052409,Крісло офісне OfficePro Elegant OC660-W-LG-LG,6399.18,7999.0,7999,8068.0,8099,700.0,727.94,12.0,False,False,9718.8
550052406,Крісло ігрове GamePro GC760DG Fabric Dark Gray,7999.2,9999.0,9999,10227.0,10299,1000.0,1063.92,12.0,False,False,12358.8
550052403,Крісло офісне OfficePro Balance OC550-B-DG-DG,6399.18,7999.0,7999,8068.0,8099,700.0,727.94,12.0,False,False,9718.8
550052400,Крісло GamePro Raptor (GC590-Black),5599.2,6999.0,6999,7045.0,7099,600.0,647.92,12.0,False,True,8518.8
550052397,Крісло ігрове GamePro GC925G Gray Black,10399.2,12999.0,12999,12999.0,12999,1000.0,1039.92,12.0,True,False,14999.0
550052394,Крісло офісне OfficePro Wave OC670-B-B-B,6399.18,7999.0,7999,8068.0,8099,700.0,727.94,12.0,False,False,9718.8
550052391,Крісло офісне OfficePro Elegant OC600-W-LG-LG,5999.22,7499.0,7499,7954.0,7999,1000.0,1039.9,12.0,False,False,9598.8
550052388,Крісло офісне Officepro Atlas OC630-B-B-B,7199.22,8999.0,8999,8999.0,8999,700.0,719.9,12.0,True,False,10999.0
550052385,Крісло офісне Officepro Atlas OC630-W-DG-DG,7199.22,8999.0,8999,8999.0,8999,700.0,719.9,12.0,True,False,10999.0
550052382,Крісло геймерське Sihoo Xallking X5C Mesh Black,13599.18,16999.0,16999,16999.0,16999,1000.0,1359.94,12.0,True,False,21999.0
550052379,Крісло офісне OfficePro Balance OC620-B-DG-DG,6799.2,8499.0,8499,8522.0,8599,700.0,767.92,12.0,False,False,10318.8
550052376,Крісло ігрове GamePro GC575FB Fabric Black&Red,6399.18,7999.0,7999,8068.0,8099,700.0,727.94,12.0,False,False,9718.8
550052373,Крісло офісне Sihoo DORO C300 Pro Mesh White,20799.18,25999.0,25999,25999.0,25999,1000.0,3379.89,7.0,True,False,29999.0
550052370,Крісло ігрове GamePro GC700FB RGB Fabric Black,6399.18,7999.0,7999,8068.0,8099,700.0,727.94,12.0,False,False,9718.8
550052367,Крісло офісне OfficePro OC680G Gray,8799.18,10999.0,10999,11136.0,11199,1000.0,1055.94,12.0,False,False,13438.8
550052364,Ігрове крісло кокпіт GamePro RS115,12799.2,15999.0,15999,15999.0,15999,1000.0,1279.92,12.0,True,False,20999.0
550052361,Крісло GamePro GC715SG,7999.2,9999.0,9999,10227.0,10299,1000.0,1063.92,12.0,False,False,12358.8
550052358,Крісло GamePro Rush (GC-575-Black-Red),6399.18,7999.0,7999,8068.0,8099,700.0,727.94,12.0,False,False,9718.8
550052355,Крісло офісне Sihoo DORO S100 Mesh White,13599.18,16999.0,16999,16999.0,16999,1000.0,1359.94,12.0,True,False,21999.0
550052352,Крісло ігрове GamePro FGC750LB Fabric Light Blue,7999.2,9999.0,9999,10227.0,10299,1000.0,1063.92,12.0,False,False,12358.8
550052349,Крісло офісне Sihoo DORO S300 Mesh Light Grey,28799.22,35999.0,35999,35999.0,35999,1000.0,5399.83,5.0,True,False,43999.0
550052346,Крісло офісне OfficePro Balance OC620-W-DG-DG,6799.2,8499.0,8499,8522.0,8599,700.0,767.92,12.0,False,False,10318.8
550052343,Крісло ігрове GamePro GC775B Fabric Black,8799.18,10999.0,10999,11136.0,11199,1000.0,1055.94,12.0,False,False,13438.8
550052340,Крісло офісне OfficePro Wave OC599-B-DG-DG,5599.2,6999.0,6999,7045.0,7099,600.0,647.92,12.0,False,False,8518.8
550052337,Крісло ігрове GamePro GC575FG Fabric Gray,6399.18,7999.0,7999,8068.0,8099,700.0,727.94,12.0,False,False,9718.8
550052334,Крісло офісне OfficePro Skyline OC750-W-LG-LG,8799.18,10999.0,10999,11136.0,11199,1000.0,1055.94,12.0,False,False,13438.8
550052331,Крісло офісне OfficePro Balance OC550-W-DG-OR,6399.18,7999.0,7999,8068.0,8099,700.0,727.94,12.0,False,False,9718.8
550052328,Крісло ігрове GamePro GC695B,8799.18,10999.0,10999,11136.0,11199,1000.0,1055.94,12.0,False,False,13438.8
550052325,Крісло офісне OfficePro Harmony OC310-B-B-B,4399.2,5499.0,5499,6024.0,6099,600.0,662.97,17.0,False,False,7318.8
550052322,Крісло ігрове GamePro FGC750LG Fabric Light Gray,7999.2,9999.0,9999,10227.0,10299,1000.0,1063.92,12.0,False,False,12358.8
550052319,Крісло офісне Sihoo DORO C300L Mesh Black,15999.18,19999.0,19999,19999.0,19999,1000.0,1599.94,12.0,True,False,22999.0
550052316,Ігрове крісло кокпіт GamePro RS167,17599.2,21999.0,21999,21999.0,21999,1000.0,2859.87,7.0,True,False,24999.0
550052313,Ігрове крісло кокпіт GamePro RS100,11199.18,13999.0,13999,13999.0,13999,1000.0,1119.94,12.0,True,False,17999.0
